"rho","cfg","tau","n","p","sigma","run","reps","hp","p_davies_u","p_perm_u","p_davies_r","p_perm_r"
0,1,"tau0",1000,20,1,"CV-tuned",126,"l1=0.001 ep=120|300 pat=50 clip=0.05 batch=128",0.254,0.119,0.246,0.127
0,1,"tau0",1000,20,1,"orig 1-1000",1000,"l1=1e-05 ep=120 pat=20 clip=0.05 batch=256",0.062,0.058,0.06,0.06
0,1,"tau0",1000,20,1,"orig 1-500",500,"l1=1e-05 ep=120 pat=20 clip=0.05 batch=256",0.066,0.068,0.07,0.066
0,1,"tau0",1000,20,1,"orig 501-1000",500,"l1=1e-05 ep=120 pat=20 clip=0.05 batch=256",0.058,0.048,0.05,0.054
0,1,"tau0",1000,20,1,"orig, clip .10",466,"l1=1e-05 ep=120 pat=20 clip=0.1 batch=256",0.0665,0.0687,0.0708,0.0665
0,1,"tau3",1000,20,1,"orig 1-1000",1000,"l1=1e-05 ep=120 pat=20 clip=0.05 batch=256",0.51,0.11,0.054,0.058
0,1,"tau3",1000,20,1,"orig 1-500",500,"l1=1e-05 ep=120 pat=20 clip=0.05 batch=256",0.488,0.118,0.06,0.066
0,1,"tau3",1000,20,1,"orig 501-1000",500,"l1=1e-05 ep=120 pat=20 clip=0.05 batch=256",0.532,0.102,0.048,0.05
0,1,"tau3",1000,20,1,"orig, l1 1e-3",500,"l1=0.001 ep=120 pat=20 clip=0.05 batch=256",0.342,0.1,0.142,0.086
0,2,"tau0",2000,20,1,"orig 1-1000",1000,"l1=1e-05 ep=120 pat=20 clip=0.05 batch=256",0.049,0.064,0.052,0.055
0,2,"tau0",2000,20,1,"orig 1-500",500,"l1=1e-05 ep=120 pat=20 clip=0.05 batch=256",0.05,0.066,0.056,0.048
0,2,"tau0",2000,20,1,"orig 501-1000",500,"l1=1e-05 ep=120 pat=20 clip=0.05 batch=256",0.048,0.062,0.048,0.062
0,2,"tau0",2000,20,1,"v2 tuned",500,"l1=1e-07 ep=300 pat=50 clip=0.1 batch=256",0.06,0.054,0.054,0.054
0,2,"tau3",2000,20,1,"orig 1-1000",1000,"l1=1e-05 ep=120 pat=20 clip=0.05 batch=256",0.866,0.1,0.05,0.054
0,2,"tau3",2000,20,1,"orig 1-500",500,"l1=1e-05 ep=120 pat=20 clip=0.05 batch=256",0.852,0.1,0.052,0.064
0,2,"tau3",2000,20,1,"orig 501-1000",500,"l1=1e-05 ep=120 pat=20 clip=0.05 batch=256",0.88,0.1,0.048,0.044
0,2,"tau3",2000,20,1,"orig, l1 1e-3",500,"l1=0.001 ep=120 pat=20 clip=0.05 batch=256",0.482,0.116,0.302,0.116
0,2,"tau3",2000,20,1,"v2 tuned",500,"l1=1e-07 ep=300 pat=50 clip=0.1 batch=256",0.848,0.096,0.056,0.054
0,3,"tau0",1000,40,1,"B64",500,"l1=1e-05 ep=300 pat=50 clip=0.05 batch=64",0.076,0.064,0.074,0.058
0,3,"tau0",1000,40,1,"orig + lasso pre-screen",200,"l1=1e-05 ep=120 pat=20 clip=0.05 batch=256",0.075,0.06,0.07,0.07
0,3,"tau0",1000,40,1,"orig 1-1000",1000,"l1=1e-05 ep=120 pat=20 clip=0.05 batch=256",0.088,0.053,0.088,0.059
0,3,"tau0",1000,40,1,"orig 1-500",500,"l1=1e-05 ep=120 pat=20 clip=0.05 batch=256",0.09,0.052,0.08,0.042
0,3,"tau0",1000,40,1,"orig 501-1000",500,"l1=1e-05 ep=120 pat=20 clip=0.05 batch=256",0.086,0.054,0.096,0.076
0,3,"tau0",1000,40,1,"orig rerun (CRT pilot)",200,"l1=1e-05 ep=120 pat=20 clip=0.05 batch=256",0.1,0.075,0.1,0.05
0,3,"tau0",1000,40,1,"orig rerun (O)",500,"l1=1e-05 ep=120 pat=20 clip=0.05 batch=256",0.09,0.052,0.08,0.042
0,3,"tau0",1000,40,1,"orig, clip .10",290,"l1=1e-05 ep=120 pat=20 clip=0.1 batch=256",0.1103,0.0655,0.0966,0.0448
0,3,"tau0",1000,40,1,"orig, l1 1e-3",500,"l1=0.001 ep=120 pat=20 clip=0.05 batch=256",0.096,0.068,0.09,0.06
0,3,"tau0",1000,40,1,"orig, l1 1e-7",500,"l1=1e-07 ep=120 pat=20 clip=0.05 batch=256",0.08,0.062,0.082,0.056
0,3,"tau3",1000,40,1,"B64",500,"l1=1e-05 ep=300 pat=50 clip=0.05 batch=64",0.318,0.074,0.076,0.056
0,3,"tau3",1000,40,1,"orig + lasso pre-screen",200,"l1=1e-05 ep=120 pat=20 clip=0.05 batch=256",0.625,0.065,0.08,0.075
0,3,"tau3",1000,40,1,"orig 1-1000",1000,"l1=1e-05 ep=120 pat=20 clip=0.05 batch=256",0.17,0.09,0.091,0.069
0,3,"tau3",1000,40,1,"orig 1-500",500,"l1=1e-05 ep=120 pat=20 clip=0.05 batch=256",0.17,0.076,0.08,0.058
0,3,"tau3",1000,40,1,"orig 501-1000",500,"l1=1e-05 ep=120 pat=20 clip=0.05 batch=256",0.17,0.104,0.102,0.08
0,3,"tau3",1000,40,1,"orig rerun (CRT pilot)",200,"l1=1e-05 ep=120 pat=20 clip=0.05 batch=256",0.2,0.1,0.105,0.07
0,3,"tau3",1000,40,1,"orig rerun (O)",500,"l1=1e-05 ep=120 pat=20 clip=0.05 batch=256",0.17,0.076,0.08,0.058
0,3,"tau3",1000,40,1,"orig, l1 1e-3",500,"l1=0.001 ep=120 pat=20 clip=0.05 batch=256",0.42,0.068,0.088,0.058
0,3,"tau3",1000,40,1,"orig, l1 1e-7",500,"l1=1e-07 ep=120 pat=20 clip=0.05 batch=256",0.162,0.072,0.084,0.058
0,4,"tau0",2000,40,1,"B64",500,"l1=1e-05 ep=300 pat=50 clip=0.05 batch=64",0.064,0.08,0.062,0.074
0,4,"tau0",2000,40,1,"orig 1-1000",1000,"l1=1e-05 ep=120 pat=20 clip=0.05 batch=256",0.081,0.072,0.081,0.061
0,4,"tau0",2000,40,1,"orig 1-500",500,"l1=1e-05 ep=120 pat=20 clip=0.05 batch=256",0.076,0.08,0.072,0.058
0,4,"tau0",2000,40,1,"orig 501-1000",500,"l1=1e-05 ep=120 pat=20 clip=0.05 batch=256",0.086,0.064,0.09,0.064
0,4,"tau0",2000,40,1,"orig rerun (CRT pilot)",100,"l1=1e-05 ep=120 pat=20 clip=0.05 batch=256",0.11,0.07,0.09,0.06
0,4,"tau0",2000,40,1,"orig rerun (O)",500,"l1=1e-05 ep=120 pat=20 clip=0.05 batch=256",0.076,0.08,0.072,0.058
0,4,"tau0",2000,40,1,"v2 tuned",500,"l1=1e-07 ep=300 pat=50 clip=0.1 batch=256",0.082,0.08,0.082,0.078
0,4,"tau3",2000,40,1,"B64",500,"l1=1e-05 ep=300 pat=50 clip=0.05 batch=64",0.712,0.122,0.062,0.072
0,4,"tau3",2000,40,1,"orig 1-1000",1000,"l1=1e-05 ep=120 pat=20 clip=0.05 batch=256",0.725,0.087,0.078,0.072
0,4,"tau3",2000,40,1,"orig 1-500",500,"l1=1e-05 ep=120 pat=20 clip=0.05 batch=256",0.712,0.086,0.07,0.072
0,4,"tau3",2000,40,1,"orig 501-1000",500,"l1=1e-05 ep=120 pat=20 clip=0.05 batch=256",0.738,0.088,0.086,0.072
0,4,"tau3",2000,40,1,"orig rerun (O)",499,"l1=1e-05 ep=120 pat=20 clip=0.05 batch=256",0.7114,0.0862,0.0701,0.0721
0,4,"tau3",2000,40,1,"orig, l1 1e-3",500,"l1=0.001 ep=120 pat=20 clip=0.05 batch=256",0.558,0.11,0.184,0.12
0,4,"tau3",2000,40,1,"v2 tuned",500,"l1=1e-07 ep=300 pat=50 clip=0.1 batch=256",0.712,0.094,0.082,0.07
0,5,"tau0",1000,20,3,"B64",500,"l1=0.001 ep=300 pat=50 clip=0.05 batch=64",0.094,0.068,0.094,0.054
0,5,"tau0",1000,20,3,"orig 1-1000",1000,"l1=0.001 ep=120 pat=20 clip=0.05 batch=256",0.055,0.06,0.051,0.058
0,5,"tau0",1000,20,3,"orig 1-500",500,"l1=0.001 ep=120 pat=20 clip=0.05 batch=256",0.046,0.058,0.044,0.054
0,5,"tau0",1000,20,3,"orig 501-1000",500,"l1=0.001 ep=120 pat=20 clip=0.05 batch=256",0.064,0.062,0.058,0.062
0,5,"tau0",1000,20,3,"orig rerun (CRT pilot)",100,"l1=0.001 ep=120 pat=20 clip=0.05 batch=256",0.05,0.03,0.04,0.05
0,5,"tau0",1000,20,3,"orig rerun (O)",500,"l1=0.001 ep=120 pat=20 clip=0.05 batch=256",0.046,0.048,0.042,0.056
0,5,"tau0",1000,20,3,"orig, clip .10",53,"l1=0.001 ep=120 pat=20 clip=0.1 batch=256",0.0566,0.0377,0.0566,0.0755
0,5,"tau3",1000,20,3,"B64",500,"l1=0.001 ep=300 pat=50 clip=0.05 batch=64",0.094,0.06,0.094,0.076
0,5,"tau3",1000,20,3,"orig 1-1000",1000,"l1=0.001 ep=120 pat=20 clip=0.05 batch=256",0.065,0.057,0.05,0.067
0,5,"tau3",1000,20,3,"orig 1-500",500,"l1=0.001 ep=120 pat=20 clip=0.05 batch=256",0.06,0.048,0.042,0.058
0,5,"tau3",1000,20,3,"orig 501-1000",500,"l1=0.001 ep=120 pat=20 clip=0.05 batch=256",0.07,0.066,0.058,0.076
0,5,"tau3",1000,20,3,"orig rerun (O)",500,"l1=0.001 ep=120 pat=20 clip=0.05 batch=256",0.06,0.046,0.04,0.048
0,6,"tau0",2000,20,3,"orig 1-1000",1000,"l1=0.001 ep=120 pat=20 clip=0.05 batch=256",0.061,0.049,0.063,0.043
0,6,"tau0",2000,20,3,"orig 1-500",500,"l1=0.001 ep=120 pat=20 clip=0.05 batch=256",0.06,0.052,0.06,0.048
0,6,"tau0",2000,20,3,"orig 501-1000",500,"l1=0.001 ep=120 pat=20 clip=0.05 batch=256",0.062,0.046,0.066,0.038
0,6,"tau3",2000,20,3,"orig 1-1000",1000,"l1=0.001 ep=120 pat=20 clip=0.05 batch=256",0.067,0.049,0.061,0.057
0,6,"tau3",2000,20,3,"orig 1-500",500,"l1=0.001 ep=120 pat=20 clip=0.05 batch=256",0.072,0.05,0.062,0.058
0,6,"tau3",2000,20,3,"orig 501-1000",500,"l1=0.001 ep=120 pat=20 clip=0.05 batch=256",0.062,0.048,0.06,0.056
0,7,"tau0",1000,40,3,"orig 1-1000",1000,"l1=0.001 ep=120 pat=20 clip=0.05 batch=256",0.046,0.055,0.046,0.056
0,7,"tau0",1000,40,3,"orig 1-500",500,"l1=0.001 ep=120 pat=20 clip=0.05 batch=256",0.032,0.06,0.038,0.058
0,7,"tau0",1000,40,3,"orig 501-1000",500,"l1=0.001 ep=120 pat=20 clip=0.05 batch=256",0.06,0.05,0.054,0.054
0,7,"tau0",1000,40,3,"orig, clip .10",2,"l1=0.001 ep=120 pat=20 clip=0.1 batch=256",0,0,0,0
0,7,"tau3",1000,40,3,"orig 1-1000",1000,"l1=0.001 ep=120 pat=20 clip=0.05 batch=256",0.066,0.06,0.046,0.057
0,7,"tau3",1000,40,3,"orig 1-500",500,"l1=0.001 ep=120 pat=20 clip=0.05 batch=256",0.062,0.068,0.036,0.046
0,7,"tau3",1000,40,3,"orig 501-1000",500,"l1=0.001 ep=120 pat=20 clip=0.05 batch=256",0.07,0.052,0.056,0.068
0,8,"tau0",2000,40,3,"B64",500,"l1=0.001 ep=300 pat=50 clip=0.05 batch=64",0.1,0.106,0.104,0.108
0,8,"tau0",2000,40,3,"orig + lasso pre-screen",100,"l1=0.001 ep=120 pat=20 clip=0.05 batch=256",0.09,0.06,0.09,0.07
0,8,"tau0",2000,40,3,"orig 1-1000",1000,"l1=0.001 ep=120 pat=20 clip=0.05 batch=256",0.068,0.077,0.064,0.074
0,8,"tau0",2000,40,3,"orig 1-500",500,"l1=0.001 ep=120 pat=20 clip=0.05 batch=256",0.076,0.068,0.072,0.076
0,8,"tau0",2000,40,3,"orig 501-1000",500,"l1=0.001 ep=120 pat=20 clip=0.05 batch=256",0.06,0.086,0.056,0.072
0,8,"tau0",2000,40,3,"orig rerun (O)",500,"l1=0.001 ep=120 pat=20 clip=0.05 batch=256",0.076,0.072,0.074,0.072
0,8,"tau3",2000,40,3,"B64",500,"l1=0.001 ep=300 pat=50 clip=0.05 batch=64",0.104,0.096,0.106,0.106
0,8,"tau3",2000,40,3,"orig 1-1000",1000,"l1=0.001 ep=120 pat=20 clip=0.05 batch=256",0.073,0.078,0.066,0.078
0,8,"tau3",2000,40,3,"orig 1-500",500,"l1=0.001 ep=120 pat=20 clip=0.05 batch=256",0.08,0.078,0.074,0.076
0,8,"tau3",2000,40,3,"orig 501-1000",500,"l1=0.001 ep=120 pat=20 clip=0.05 batch=256",0.066,0.078,0.058,0.08
0,8,"tau3",2000,40,3,"orig rerun (O)",469,"l1=0.001 ep=120 pat=20 clip=0.05 batch=256",0.0832,0.0789,0.0768,0.0704
0.3,1,"tau0",1000,20,1,"orig 1-1000",1000,"l1=1e-05 ep=120 pat=20 clip=0.05 batch=256",0.049,0.056,0.058,0.064
0.3,1,"tau0",1000,20,1,"orig 1-500",500,"l1=1e-05 ep=120 pat=20 clip=0.05 batch=256",0.056,0.062,0.06,0.064
0.3,1,"tau0",1000,20,1,"orig 501-1000",500,"l1=1e-05 ep=120 pat=20 clip=0.05 batch=256",0.042,0.05,0.056,0.064
0.3,1,"tau3",1000,20,1,"orig 1-1000",1000,"l1=1e-05 ep=120 pat=20 clip=0.05 batch=256",0.521,0.095,0.051,0.052
0.3,1,"tau3",1000,20,1,"orig 1-500",500,"l1=1e-05 ep=120 pat=20 clip=0.05 batch=256",0.528,0.094,0.046,0.058
0.3,1,"tau3",1000,20,1,"orig 501-1000",500,"l1=1e-05 ep=120 pat=20 clip=0.05 batch=256",0.514,0.096,0.056,0.046
0.3,1,"tau3",1000,20,1,"orig, l1 1e-3",500,"l1=0.001 ep=120 pat=20 clip=0.05 batch=256",0.212,0.082,0.162,0.088
0.3,2,"tau0",2000,20,1,"orig 1-1000",1000,"l1=1e-05 ep=120 pat=20 clip=0.05 batch=256",0.042,0.063,0.038,0.064
0.3,2,"tau0",2000,20,1,"orig 1-500",500,"l1=1e-05 ep=120 pat=20 clip=0.05 batch=256",0.038,0.068,0.036,0.062
0.3,2,"tau0",2000,20,1,"orig 501-1000",500,"l1=1e-05 ep=120 pat=20 clip=0.05 batch=256",0.046,0.058,0.04,0.066
0.3,2,"tau0",2000,20,1,"v2 tuned",500,"l1=1e-07 ep=300 pat=50 clip=0.1 batch=256",0.04,0.054,0.042,0.068
0.3,2,"tau3",2000,20,1,"orig 1-1000",1000,"l1=1e-05 ep=120 pat=20 clip=0.05 batch=256",0.68,0.095,0.035,0.049
0.3,2,"tau3",2000,20,1,"orig 1-500",500,"l1=1e-05 ep=120 pat=20 clip=0.05 batch=256",0.678,0.1,0.038,0.044
0.3,2,"tau3",2000,20,1,"orig 501-1000",500,"l1=1e-05 ep=120 pat=20 clip=0.05 batch=256",0.682,0.09,0.032,0.054
0.3,2,"tau3",2000,20,1,"orig, l1 1e-3",500,"l1=0.001 ep=120 pat=20 clip=0.05 batch=256",0.388,0.104,0.354,0.106
0.3,2,"tau3",2000,20,1,"v2 tuned",500,"l1=1e-07 ep=300 pat=50 clip=0.1 batch=256",0.664,0.092,0.05,0.064
0.3,3,"tau0",1000,40,1,"orig 1-1000",1000,"l1=1e-05 ep=120 pat=20 clip=0.05 batch=256",0.058,0.056,0.057,0.057
0.3,3,"tau0",1000,40,1,"orig 1-500",500,"l1=1e-05 ep=120 pat=20 clip=0.05 batch=256",0.054,0.056,0.064,0.056
0.3,3,"tau0",1000,40,1,"orig 501-1000",500,"l1=1e-05 ep=120 pat=20 clip=0.05 batch=256",0.062,0.056,0.05,0.058
0.3,3,"tau3",1000,40,1,"orig 1-1000",1000,"l1=1e-05 ep=120 pat=20 clip=0.05 batch=256",0.29,0.069,0.061,0.053
0.3,3,"tau3",1000,40,1,"orig 1-500",500,"l1=1e-05 ep=120 pat=20 clip=0.05 batch=256",0.278,0.078,0.06,0.056
0.3,3,"tau3",1000,40,1,"orig 501-1000",500,"l1=1e-05 ep=120 pat=20 clip=0.05 batch=256",0.302,0.06,0.062,0.05
0.3,3,"tau3",1000,40,1,"orig, l1 1e-3",500,"l1=0.001 ep=120 pat=20 clip=0.05 batch=256",0.5,0.06,0.122,0.066
0.3,4,"tau0",2000,40,1,"B64",500,"l1=1e-05 ep=300 pat=50 clip=0.05 batch=64",0.058,0.094,0.06,0.076
0.3,4,"tau0",2000,40,1,"orig 1-1000",1000,"l1=1e-05 ep=120 pat=20 clip=0.05 batch=256",0.062,0.072,0.064,0.068
0.3,4,"tau0",2000,40,1,"orig 1-500",500,"l1=1e-05 ep=120 pat=20 clip=0.05 batch=256",0.072,0.086,0.072,0.076
0.3,4,"tau0",2000,40,1,"orig 501-1000",500,"l1=1e-05 ep=120 pat=20 clip=0.05 batch=256",0.052,0.058,0.056,0.06
0.3,4,"tau0",2000,40,1,"orig rerun (O)",500,"l1=1e-05 ep=120 pat=20 clip=0.05 batch=256",0.062,0.066,0.068,0.076
0.3,4,"tau0",2000,40,1,"v2 tuned",500,"l1=1e-07 ep=300 pat=50 clip=0.1 batch=256",0.058,0.066,0.068,0.074
0.3,4,"tau3",2000,40,1,"B64",500,"l1=1e-05 ep=300 pat=50 clip=0.05 batch=64",0.904,0.104,0.072,0.058
0.3,4,"tau3",2000,40,1,"orig 1-1000",1000,"l1=1e-05 ep=120 pat=20 clip=0.05 batch=256",0.859,0.089,0.06,0.077
0.3,4,"tau3",2000,40,1,"orig 1-500",500,"l1=1e-05 ep=120 pat=20 clip=0.05 batch=256",0.856,0.086,0.076,0.092
0.3,4,"tau3",2000,40,1,"orig 501-1000",500,"l1=1e-05 ep=120 pat=20 clip=0.05 batch=256",0.862,0.092,0.044,0.062
0.3,4,"tau3",2000,40,1,"orig rerun (O)",448,"l1=1e-05 ep=120 pat=20 clip=0.05 batch=256",0.8571,0.0871,0.0647,0.0759
0.3,4,"tau3",2000,40,1,"orig, l1 1e-3",500,"l1=0.001 ep=120 pat=20 clip=0.05 batch=256",0.406,0.128,0.334,0.118
0.3,4,"tau3",2000,40,1,"v2 tuned",500,"l1=1e-07 ep=300 pat=50 clip=0.1 batch=256",0.876,0.094,0.07,0.082
0.3,5,"tau0",1000,20,3,"orig 1-1000",1000,"l1=0.001 ep=120 pat=20 clip=0.05 batch=256",0.051,0.056,0.052,0.06
0.3,5,"tau0",1000,20,3,"orig 1-500",500,"l1=0.001 ep=120 pat=20 clip=0.05 batch=256",0.058,0.066,0.058,0.072
0.3,5,"tau0",1000,20,3,"orig 501-1000",500,"l1=0.001 ep=120 pat=20 clip=0.05 batch=256",0.044,0.046,0.046,0.048
0.3,5,"tau3",1000,20,3,"orig 1-1000",1000,"l1=0.001 ep=120 pat=20 clip=0.05 batch=256",0.051,0.065,0.049,0.062
0.3,5,"tau3",1000,20,3,"orig 1-500",500,"l1=0.001 ep=120 pat=20 clip=0.05 batch=256",0.048,0.062,0.052,0.064
0.3,5,"tau3",1000,20,3,"orig 501-1000",500,"l1=0.001 ep=120 pat=20 clip=0.05 batch=256",0.054,0.068,0.046,0.06
0.3,6,"tau0",2000,20,3,"B64",500,"l1=0.001 ep=300 pat=50 clip=0.05 batch=64",0.196,0.142,0.2,0.138
0.3,6,"tau0",2000,20,3,"orig 1-1000",1000,"l1=0.001 ep=120 pat=20 clip=0.05 batch=256",0.08,0.055,0.077,0.062
0.3,6,"tau0",2000,20,3,"orig 1-500",500,"l1=0.001 ep=120 pat=20 clip=0.05 batch=256",0.066,0.052,0.066,0.064
0.3,6,"tau0",2000,20,3,"orig 501-1000",500,"l1=0.001 ep=120 pat=20 clip=0.05 batch=256",0.094,0.058,0.088,0.06
0.3,6,"tau0",2000,20,3,"orig rerun (O)",500,"l1=0.001 ep=120 pat=20 clip=0.05 batch=256",0.098,0.05,0.092,0.064
0.3,6,"tau3",2000,20,3,"B64",493,"l1=0.001 ep=300 pat=50 clip=0.05 batch=64",0.2008,0.142,0.2049,0.1562
0.3,6,"tau3",2000,20,3,"orig 1-1000",1000,"l1=0.001 ep=120 pat=20 clip=0.05 batch=256",0.076,0.058,0.089,0.058
0.3,6,"tau3",2000,20,3,"orig 1-500",500,"l1=0.001 ep=120 pat=20 clip=0.05 batch=256",0.064,0.054,0.078,0.05
0.3,6,"tau3",2000,20,3,"orig 501-1000",500,"l1=0.001 ep=120 pat=20 clip=0.05 batch=256",0.088,0.062,0.1,0.066
0.3,6,"tau3",2000,20,3,"orig rerun (O)",336,"l1=0.001 ep=120 pat=20 clip=0.05 batch=256",0.0774,0.0446,0.0863,0.0387
0.3,7,"tau0",1000,40,3,"B64",500,"l1=0.001 ep=300 pat=50 clip=0.05 batch=64",0.1,0.056,0.092,0.064
0.3,7,"tau0",1000,40,3,"orig 1-1000",1000,"l1=0.001 ep=120 pat=20 clip=0.05 batch=256",0.05,0.067,0.047,0.065
0.3,7,"tau0",1000,40,3,"orig 1-500",500,"l1=0.001 ep=120 pat=20 clip=0.05 batch=256",0.062,0.072,0.058,0.074
0.3,7,"tau0",1000,40,3,"orig 501-1000",500,"l1=0.001 ep=120 pat=20 clip=0.05 batch=256",0.038,0.062,0.036,0.056
0.3,7,"tau0",1000,40,3,"orig rerun (O)",500,"l1=0.001 ep=120 pat=20 clip=0.05 batch=256",0.05,0.06,0.044,0.06
0.3,7,"tau3",1000,40,3,"B64",500,"l1=0.001 ep=300 pat=50 clip=0.05 batch=64",0.104,0.068,0.11,0.056
0.3,7,"tau3",1000,40,3,"orig 1-1000",1000,"l1=0.001 ep=120 pat=20 clip=0.05 batch=256",0.063,0.065,0.052,0.054
0.3,7,"tau3",1000,40,3,"orig 1-500",500,"l1=0.001 ep=120 pat=20 clip=0.05 batch=256",0.062,0.066,0.062,0.052
0.3,7,"tau3",1000,40,3,"orig 501-1000",500,"l1=0.001 ep=120 pat=20 clip=0.05 batch=256",0.064,0.064,0.042,0.056
0.3,7,"tau3",1000,40,3,"orig rerun (O)",469,"l1=0.001 ep=120 pat=20 clip=0.05 batch=256",0.0661,0.0533,0.0512,0.0405
0.3,8,"tau0",2000,40,3,"B64",500,"l1=0.001 ep=300 pat=50 clip=0.05 batch=64",0.166,0.134,0.168,0.13
0.3,8,"tau0",2000,40,3,"orig 1-1000",1000,"l1=0.001 ep=120 pat=20 clip=0.05 batch=256",0.067,0.072,0.069,0.058
0.3,8,"tau0",2000,40,3,"orig 1-500",500,"l1=0.001 ep=120 pat=20 clip=0.05 batch=256",0.066,0.074,0.068,0.054
0.3,8,"tau0",2000,40,3,"orig 501-1000",500,"l1=0.001 ep=120 pat=20 clip=0.05 batch=256",0.068,0.07,0.07,0.062
0.3,8,"tau0",2000,40,3,"orig rerun (O)",500,"l1=0.001 ep=120 pat=20 clip=0.05 batch=256",0.09,0.086,0.092,0.068
0.3,8,"tau3",2000,40,3,"B64",436,"l1=0.001 ep=300 pat=50 clip=0.05 batch=64",0.1491,0.117,0.1537,0.1055
0.3,8,"tau3",2000,40,3,"orig 1-1000",1000,"l1=0.001 ep=120 pat=20 clip=0.05 batch=256",0.061,0.057,0.07,0.059
0.3,8,"tau3",2000,40,3,"orig 1-500",500,"l1=0.001 ep=120 pat=20 clip=0.05 batch=256",0.072,0.064,0.088,0.07
0.3,8,"tau3",2000,40,3,"orig 501-1000",500,"l1=0.001 ep=120 pat=20 clip=0.05 batch=256",0.05,0.05,0.052,0.048
0.3,8,"tau3",2000,40,3,"orig rerun (O)",255,"l1=0.001 ep=120 pat=20 clip=0.05 batch=256",0.0667,0.0941,0.0863,0.0784
