"dir","rho","cfg","tau","n","p","sigma","reps","rep_min","rep_max","l1","n_epoch","patience","clip","K","n_batch","n_ens","tuned","screen","n_sel","p_davies_u","p_perm_u","p_davies_r","p_perm_r","p_score_u","p_score_r","p_kperm_r","p_proj_r","p_crt_r"
"test",0.3,1,"S2",1000,20,1,500,1,500,NA,NA,NA,NA,NA,NA,NA,NA,NA,NA,1,1,1,1,NA,NA,NA,NA,NA
"test",0.3,1,"tau0",1000,20,1,500,1,500,NA,NA,NA,NA,NA,NA,NA,NA,NA,NA,0.056,0.062,0.06,0.064,NA,NA,NA,NA,NA
"test",0.3,1,"tau3",1000,20,1,500,1,500,NA,NA,NA,NA,NA,NA,NA,NA,NA,NA,0.528,0.094,0.046,0.058,NA,NA,NA,NA,NA
"test",0.3,2,"S2",2000,20,1,500,1,500,NA,NA,NA,NA,NA,NA,NA,NA,NA,NA,1,1,1,1,NA,NA,NA,NA,NA
"test",0.3,2,"tau0",2000,20,1,500,1,500,NA,NA,NA,NA,NA,NA,NA,NA,NA,NA,0.038,0.068,0.036,0.062,NA,NA,NA,NA,NA
"test",0.3,2,"tau3",2000,20,1,500,1,500,NA,NA,NA,NA,NA,NA,NA,NA,NA,NA,0.678,0.1,0.038,0.044,NA,NA,NA,NA,NA
"test",0.3,3,"S2",1000,40,1,500,1,500,NA,NA,NA,NA,NA,NA,NA,NA,NA,NA,0.928,0.926,0.916,0.932,NA,NA,NA,NA,NA
"test",0.3,3,"tau0",1000,40,1,500,1,500,NA,NA,NA,NA,NA,NA,NA,NA,NA,NA,0.054,0.056,0.064,0.056,NA,NA,NA,NA,NA
"test",0.3,3,"tau3",1000,40,1,500,1,500,NA,NA,NA,NA,NA,NA,NA,NA,NA,NA,0.278,0.078,0.06,0.056,NA,NA,NA,NA,NA
"test",0.3,4,"S2",2000,40,1,500,1,500,NA,NA,NA,NA,NA,NA,NA,NA,NA,NA,1,1,1,1,NA,NA,NA,NA,NA
"test",0.3,4,"tau0",2000,40,1,500,1,500,NA,NA,NA,NA,NA,NA,NA,NA,NA,NA,0.072,0.086,0.072,0.076,NA,NA,NA,NA,NA
"test",0.3,4,"tau3",2000,40,1,500,1,500,NA,NA,NA,NA,NA,NA,NA,NA,NA,NA,0.856,0.086,0.076,0.092,NA,NA,NA,NA,NA
"test",0.3,5,"S2",1000,20,3,500,1,500,NA,NA,NA,NA,NA,NA,NA,NA,NA,NA,0.366,0.612,0.346,0.604,NA,NA,NA,NA,NA
"test",0.3,5,"tau0",1000,20,3,500,1,500,NA,NA,NA,NA,NA,NA,NA,NA,NA,NA,0.058,0.066,0.058,0.072,NA,NA,NA,NA,NA
"test",0.3,5,"tau3",1000,20,3,500,1,500,NA,NA,NA,NA,NA,NA,NA,NA,NA,NA,0.048,0.062,0.052,0.064,NA,NA,NA,NA,NA
"test",0.3,6,"S2",2000,20,3,500,1,500,NA,NA,NA,NA,NA,NA,NA,NA,NA,NA,0.786,0.974,0.788,0.972,NA,NA,NA,NA,NA
"test",0.3,6,"tau0",2000,20,3,500,1,500,NA,NA,NA,NA,NA,NA,NA,NA,NA,NA,0.066,0.052,0.066,0.064,NA,NA,NA,NA,NA
"test",0.3,6,"tau3",2000,20,3,500,1,500,NA,NA,NA,NA,NA,NA,NA,NA,NA,NA,0.064,0.054,0.078,0.05,NA,NA,NA,NA,NA
"test",0.3,7,"S2",1000,40,3,500,1,500,NA,NA,NA,NA,NA,NA,NA,NA,NA,NA,0.206,0.31,0.2,0.278,NA,NA,NA,NA,NA
"test",0.3,7,"tau0",1000,40,3,500,1,500,NA,NA,NA,NA,NA,NA,NA,NA,NA,NA,0.062,0.072,0.058,0.074,NA,NA,NA,NA,NA
"test",0.3,7,"tau3",1000,40,3,500,1,500,NA,NA,NA,NA,NA,NA,NA,NA,NA,NA,0.062,0.066,0.062,0.052,NA,NA,NA,NA,NA
"test",0.3,8,"S2",2000,40,3,500,1,500,NA,NA,NA,NA,NA,NA,NA,NA,NA,NA,0.516,0.88,0.518,0.888,NA,NA,NA,NA,NA
"test",0.3,8,"tau0",2000,40,3,500,1,500,NA,NA,NA,NA,NA,NA,NA,NA,NA,NA,0.066,0.074,0.068,0.054,NA,NA,NA,NA,NA
"test",0.3,8,"tau3",2000,40,3,500,1,500,NA,NA,NA,NA,NA,NA,NA,NA,NA,NA,0.072,0.064,0.088,0.07,NA,NA,NA,NA,NA
"test_rho00",0,1,"S2",1000,20,1,100,1,100,NA,NA,NA,NA,NA,NA,NA,NA,NA,NA,1,1,1,1,NA,NA,NA,NA,NA
"test_rho00",0,1,"tau0",1000,20,1,500,1,500,NA,NA,NA,NA,NA,NA,NA,NA,NA,NA,0.066,0.068,0.07,0.066,NA,NA,NA,NA,NA
"test_rho00",0,1,"tau3",1000,20,1,500,1,500,NA,NA,NA,NA,NA,NA,NA,NA,NA,NA,0.488,0.118,0.06,0.066,NA,NA,NA,NA,NA
"test_rho00",0,2,"S2",2000,20,1,100,1,100,NA,NA,NA,NA,NA,NA,NA,NA,NA,NA,1,1,1,1,NA,NA,NA,NA,NA
"test_rho00",0,2,"tau0",2000,20,1,500,1,500,NA,NA,NA,NA,NA,NA,NA,NA,NA,NA,0.05,0.066,0.056,0.048,NA,NA,NA,NA,NA
"test_rho00",0,2,"tau3",2000,20,1,500,1,500,NA,NA,NA,NA,NA,NA,NA,NA,NA,NA,0.852,0.1,0.052,0.064,NA,NA,NA,NA,NA
"test_rho00",0,3,"S2",1000,40,1,100,1,100,NA,NA,NA,NA,NA,NA,NA,NA,NA,NA,1,0.99,1,0.98,NA,NA,NA,NA,NA
"test_rho00",0,3,"tau0",1000,40,1,500,1,500,NA,NA,NA,NA,NA,NA,NA,NA,NA,NA,0.09,0.052,0.08,0.042,NA,NA,NA,NA,NA
"test_rho00",0,3,"tau3",1000,40,1,500,1,500,NA,NA,NA,NA,NA,NA,NA,NA,NA,NA,0.17,0.076,0.08,0.058,NA,NA,NA,NA,NA
"test_rho00",0,4,"S2",2000,40,1,100,1,100,NA,NA,NA,NA,NA,NA,NA,NA,NA,NA,1,1,1,1,NA,NA,NA,NA,NA
"test_rho00",0,4,"tau0",2000,40,1,500,1,500,NA,NA,NA,NA,NA,NA,NA,NA,NA,NA,0.076,0.08,0.072,0.058,NA,NA,NA,NA,NA
"test_rho00",0,4,"tau3",2000,40,1,500,1,500,NA,NA,NA,NA,NA,NA,NA,NA,NA,NA,0.712,0.086,0.07,0.072,NA,NA,NA,NA,NA
"test_rho00",0,5,"S2",1000,20,3,100,1,100,NA,NA,NA,NA,NA,NA,NA,NA,NA,NA,0.6,0.66,0.61,0.69,NA,NA,NA,NA,NA
"test_rho00",0,5,"tau0",1000,20,3,500,1,500,NA,NA,NA,NA,NA,NA,NA,NA,NA,NA,0.046,0.058,0.044,0.054,NA,NA,NA,NA,NA
"test_rho00",0,5,"tau3",1000,20,3,500,1,500,NA,NA,NA,NA,NA,NA,NA,NA,NA,NA,0.06,0.048,0.042,0.058,NA,NA,NA,NA,NA
"test_rho00",0,6,"S2",2000,20,3,100,1,100,NA,NA,NA,NA,NA,NA,NA,NA,NA,NA,0.94,0.98,0.94,0.98,NA,NA,NA,NA,NA
"test_rho00",0,6,"tau0",2000,20,3,500,1,500,NA,NA,NA,NA,NA,NA,NA,NA,NA,NA,0.06,0.052,0.06,0.048,NA,NA,NA,NA,NA
"test_rho00",0,6,"tau3",2000,20,3,500,1,500,NA,NA,NA,NA,NA,NA,NA,NA,NA,NA,0.072,0.05,0.062,0.058,NA,NA,NA,NA,NA
"test_rho00",0,7,"S2",1000,40,3,100,1,100,NA,NA,NA,NA,NA,NA,NA,NA,NA,NA,0.46,0.46,0.46,0.47,NA,NA,NA,NA,NA
"test_rho00",0,7,"tau0",1000,40,3,500,1,500,NA,NA,NA,NA,NA,NA,NA,NA,NA,NA,0.032,0.06,0.038,0.058,NA,NA,NA,NA,NA
"test_rho00",0,7,"tau3",1000,40,3,500,1,500,NA,NA,NA,NA,NA,NA,NA,NA,NA,NA,0.062,0.068,0.036,0.046,NA,NA,NA,NA,NA
"test_rho00",0,8,"S2",2000,40,3,100,1,100,NA,NA,NA,NA,NA,NA,NA,NA,NA,NA,0.91,0.94,0.9,0.95,NA,NA,NA,NA,NA
"test_rho00",0,8,"tau0",2000,40,3,500,1,500,NA,NA,NA,NA,NA,NA,NA,NA,NA,NA,0.076,0.068,0.072,0.076,NA,NA,NA,NA,NA
"test_rho00",0,8,"tau3",2000,40,3,500,1,500,NA,NA,NA,NA,NA,NA,NA,NA,NA,NA,0.08,0.078,0.074,0.076,NA,NA,NA,NA,NA
"test_ext_rho00",0,1,"S2",1000,20,1,900,101,1000,"1e-05","120","20","0.05","5",NA,NA,NA,NA,NA,1,1,1,1,1,1,NA,NA,NA
"test_ext_rho00",0,1,"tau0",1000,20,1,500,501,1000,"1e-05","120","20","0.05","5",NA,NA,NA,NA,NA,0.058,0.048,0.05,0.054,0.07,0.064,NA,NA,NA
"test_ext_rho00",0,1,"tau3",1000,20,1,500,501,1000,"1e-05","120","20","0.05","5",NA,NA,NA,NA,NA,0.532,0.102,0.048,0.05,0.136,0.066,NA,NA,NA
"test_ext_rho00",0,2,"S2",2000,20,1,900,101,1000,"1e-05","120","20","0.05","5",NA,NA,NA,NA,NA,1,1,1,1,1,1,NA,NA,NA
"test_ext_rho00",0,2,"tau0",2000,20,1,500,501,1000,"1e-05","120","20","0.05","5",NA,NA,NA,NA,NA,0.048,0.062,0.048,0.062,0.056,0.056,NA,NA,NA
"test_ext_rho00",0,2,"tau3",2000,20,1,500,501,1000,"1e-05","120","20","0.05","5",NA,NA,NA,NA,NA,0.88,0.1,0.048,0.044,0.094,0.06,NA,NA,NA
"test_ext_rho00",0,3,"S2",1000,40,1,900,101,1000,"1e-05","120","20","0.05","5",NA,NA,NA,NA,NA,0.9844,0.9611,0.9844,0.9678,0.9833,0.9844,NA,NA,NA
"test_ext_rho00",0,3,"tau0",1000,40,1,500,501,1000,"1e-05","120","20","0.05","5",NA,NA,NA,NA,NA,0.086,0.054,0.096,0.076,0.082,0.11,NA,NA,NA
"test_ext_rho00",0,3,"tau3",1000,40,1,500,501,1000,"1e-05","120","20","0.05","5",NA,NA,NA,NA,NA,0.17,0.104,0.102,0.08,0.118,0.104,NA,NA,NA
"test_ext_rho00",0,4,"S2",2000,40,1,900,101,1000,"1e-05","120","20","0.05","5",NA,NA,NA,NA,NA,1,1,1,1,1,1,NA,NA,NA
"test_ext_rho00",0,4,"tau0",2000,40,1,500,501,1000,"1e-05","120","20","0.05","5",NA,NA,NA,NA,NA,0.086,0.064,0.09,0.064,0.086,0.084,NA,NA,NA
"test_ext_rho00",0,4,"tau3",2000,40,1,500,501,1000,"1e-05","120","20","0.05","5",NA,NA,NA,NA,NA,0.738,0.088,0.086,0.072,0.1,0.082,NA,NA,NA
"test_ext_rho00",0,5,"S2",1000,20,3,900,101,1000,"0.001","120","20","0.05","5",NA,NA,NA,NA,NA,0.6156,0.6344,0.6122,0.6556,0.6356,0.6267,NA,NA,NA
"test_ext_rho00",0,5,"tau0",1000,20,3,500,501,1000,"0.001","120","20","0.05","5",NA,NA,NA,NA,NA,0.064,0.062,0.058,0.062,0.06,0.06,NA,NA,NA
"test_ext_rho00",0,5,"tau3",1000,20,3,500,501,1000,"0.001","120","20","0.05","5",NA,NA,NA,NA,NA,0.07,0.066,0.058,0.076,0.068,0.06,NA,NA,NA
"test_ext_rho00",0,6,"S2",2000,20,3,900,101,1000,"0.001","120","20","0.05","5",NA,NA,NA,NA,NA,0.9611,0.98,0.9611,0.9822,0.9489,0.9533,NA,NA,NA
"test_ext_rho00",0,6,"tau0",2000,20,3,500,501,1000,"0.001","120","20","0.05","5",NA,NA,NA,NA,NA,0.062,0.046,0.066,0.038,0.052,0.056,NA,NA,NA
"test_ext_rho00",0,6,"tau3",2000,20,3,500,501,1000,"0.001","120","20","0.05","5",NA,NA,NA,NA,NA,0.062,0.048,0.06,0.056,0.052,0.052,NA,NA,NA
"test_ext_rho00",0,7,"S2",1000,40,3,900,101,1000,"0.001","120","20","0.05","5",NA,NA,NA,NA,NA,0.4156,0.3933,0.4111,0.3967,0.4267,0.4356,NA,NA,NA
"test_ext_rho00",0,7,"tau0",1000,40,3,500,501,1000,"0.001","120","20","0.05","5",NA,NA,NA,NA,NA,0.06,0.05,0.054,0.054,0.062,0.062,NA,NA,NA
"test_ext_rho00",0,7,"tau3",1000,40,3,500,501,1000,"0.001","120","20","0.05","5",NA,NA,NA,NA,NA,0.07,0.052,0.056,0.068,0.062,0.062,NA,NA,NA
"test_ext_rho00",0,8,"S2",2000,40,3,900,101,1000,"0.001","120","20","0.05","5",NA,NA,NA,NA,NA,0.8789,0.9456,0.8811,0.9456,0.8889,0.8889,NA,NA,NA
"test_ext_rho00",0,8,"tau0",2000,40,3,500,501,1000,"0.001","120","20","0.05","5",NA,NA,NA,NA,NA,0.06,0.086,0.056,0.072,0.064,0.06,NA,NA,NA
"test_ext_rho00",0,8,"tau3",2000,40,3,500,501,1000,"0.001","120","20","0.05","5",NA,NA,NA,NA,NA,0.066,0.078,0.058,0.08,0.058,0.062,NA,NA,NA
"test_ext_rho03",0.3,1,"S2",1000,20,1,500,501,1000,"1e-05","120","20","0.05","5",NA,NA,NA,NA,NA,1,1,1,1,1,1,NA,NA,NA
"test_ext_rho03",0.3,1,"tau0",1000,20,1,500,501,1000,"1e-05","120","20","0.05","5",NA,NA,NA,NA,NA,0.042,0.05,0.056,0.064,0.072,0.07,NA,NA,NA
"test_ext_rho03",0.3,1,"tau3",1000,20,1,500,501,1000,"1e-05","120","20","0.05","5",NA,NA,NA,NA,NA,0.514,0.096,0.056,0.046,0.116,0.078,NA,NA,NA
"test_ext_rho03",0.3,2,"S2",2000,20,1,500,501,1000,"1e-05","120","20","0.05","5",NA,NA,NA,NA,NA,1,1,1,1,1,1,NA,NA,NA
"test_ext_rho03",0.3,2,"tau0",2000,20,1,500,501,1000,"1e-05","120","20","0.05","5",NA,NA,NA,NA,NA,0.046,0.058,0.04,0.066,0.078,0.07,NA,NA,NA
"test_ext_rho03",0.3,2,"tau3",2000,20,1,500,501,1000,"1e-05","120","20","0.05","5",NA,NA,NA,NA,NA,0.682,0.09,0.032,0.054,0.094,0.066,NA,NA,NA
"test_ext_rho03",0.3,3,"S2",1000,40,1,500,501,1000,"1e-05","120","20","0.05","5",NA,NA,NA,NA,NA,0.95,0.936,0.916,0.93,0.932,0.926,NA,NA,NA
"test_ext_rho03",0.3,3,"tau0",1000,40,1,500,501,1000,"1e-05","120","20","0.05","5",NA,NA,NA,NA,NA,0.062,0.056,0.05,0.058,0.082,0.074,NA,NA,NA
"test_ext_rho03",0.3,3,"tau3",1000,40,1,500,501,1000,"1e-05","120","20","0.05","5",NA,NA,NA,NA,NA,0.302,0.06,0.062,0.05,0.106,0.076,NA,NA,NA
"test_ext_rho03",0.3,4,"S2",2000,40,1,500,501,1000,"1e-05","120","20","0.05","5",NA,NA,NA,NA,NA,1,1,1,1,1,1,NA,NA,NA
"test_ext_rho03",0.3,4,"tau0",2000,40,1,500,501,1000,"1e-05","120","20","0.05","5",NA,NA,NA,NA,NA,0.052,0.058,0.056,0.06,0.086,0.082,NA,NA,NA
"test_ext_rho03",0.3,4,"tau3",2000,40,1,500,501,1000,"1e-05","120","20","0.05","5",NA,NA,NA,NA,NA,0.862,0.092,0.044,0.062,0.096,0.064,NA,NA,NA
"test_ext_rho03",0.3,5,"S2",1000,20,3,500,501,1000,"0.001","120","20","0.05","5",NA,NA,NA,NA,NA,0.326,0.618,0.308,0.608,0.364,0.37,NA,NA,NA
"test_ext_rho03",0.3,5,"tau0",1000,20,3,500,501,1000,"0.001","120","20","0.05","5",NA,NA,NA,NA,NA,0.044,0.046,0.046,0.048,0.05,0.048,NA,NA,NA
"test_ext_rho03",0.3,5,"tau3",1000,20,3,500,501,1000,"0.001","120","20","0.05","5",NA,NA,NA,NA,NA,0.054,0.068,0.046,0.06,0.058,0.052,NA,NA,NA
"test_ext_rho03",0.3,6,"S2",2000,20,3,500,501,1000,"0.001","120","20","0.05","5",NA,NA,NA,NA,NA,0.822,0.968,0.822,0.972,0.86,0.856,NA,NA,NA
"test_ext_rho03",0.3,6,"tau0",2000,20,3,500,501,1000,"0.001","120","20","0.05","5",NA,NA,NA,NA,NA,0.094,0.058,0.088,0.06,0.062,0.064,NA,NA,NA
"test_ext_rho03",0.3,6,"tau3",2000,20,3,500,501,1000,"0.001","120","20","0.05","5",NA,NA,NA,NA,NA,0.088,0.062,0.1,0.066,0.078,0.07,NA,NA,NA
"test_ext_rho03",0.3,7,"S2",1000,40,3,500,501,1000,"0.001","120","20","0.05","5",NA,NA,NA,NA,NA,0.224,0.316,0.214,0.326,0.27,0.266,NA,NA,NA
"test_ext_rho03",0.3,7,"tau0",1000,40,3,500,501,1000,"0.001","120","20","0.05","5",NA,NA,NA,NA,NA,0.038,0.062,0.036,0.056,0.044,0.042,NA,NA,NA
"test_ext_rho03",0.3,7,"tau3",1000,40,3,500,501,1000,"0.001","120","20","0.05","5",NA,NA,NA,NA,NA,0.064,0.064,0.042,0.056,0.046,0.052,NA,NA,NA
"test_ext_rho03",0.3,8,"S2",2000,40,3,500,501,1000,"0.001","120","20","0.05","5",NA,NA,NA,NA,NA,0.506,0.886,0.484,0.904,0.626,0.626,NA,NA,NA
"test_ext_rho03",0.3,8,"tau0",2000,40,3,500,501,1000,"0.001","120","20","0.05","5",NA,NA,NA,NA,NA,0.068,0.07,0.07,0.062,0.072,0.068,NA,NA,NA
"test_ext_rho03",0.3,8,"tau3",2000,40,3,500,501,1000,"0.001","120","20","0.05","5",NA,NA,NA,NA,NA,0.05,0.05,0.052,0.048,0.05,0.052,NA,NA,NA
"test_l1e3_rho00",0,1,"tau3",1000,20,1,500,1,500,"0.001",NA,NA,NA,NA,NA,NA,NA,NA,NA,0.342,0.1,0.142,0.086,NA,NA,NA,NA,NA
"test_l1e3_rho00",0,2,"tau3",2000,20,1,500,1,500,"0.001",NA,NA,NA,NA,NA,NA,NA,NA,NA,0.482,0.116,0.302,0.116,NA,NA,NA,NA,NA
"test_l1e3_rho00",0,3,"tau3",1000,40,1,500,1,500,"0.001",NA,NA,NA,NA,NA,NA,NA,NA,NA,0.42,0.068,0.088,0.058,NA,NA,NA,NA,NA
"test_l1e3_rho00",0,4,"tau3",2000,40,1,500,1,500,"0.001",NA,NA,NA,NA,NA,NA,NA,NA,NA,0.558,0.11,0.184,0.12,NA,NA,NA,NA,NA
"test_l1e3_rho03",0.3,1,"tau3",1000,20,1,500,1,500,"0.001",NA,NA,NA,NA,NA,NA,NA,NA,NA,0.212,0.082,0.162,0.088,NA,NA,NA,NA,NA
"test_l1e3_rho03",0.3,2,"tau3",2000,20,1,500,1,500,"0.001",NA,NA,NA,NA,NA,NA,NA,NA,NA,0.388,0.104,0.354,0.106,NA,NA,NA,NA,NA
"test_l1e3_rho03",0.3,3,"tau3",1000,40,1,500,1,500,"0.001",NA,NA,NA,NA,NA,NA,NA,NA,NA,0.5,0.06,0.122,0.066,NA,NA,NA,NA,NA
"test_l1e3_rho03",0.3,4,"tau3",2000,40,1,500,1,500,"0.001",NA,NA,NA,NA,NA,NA,NA,NA,NA,0.406,0.128,0.334,0.118,NA,NA,NA,NA,NA
"test_v2_rho00",0,1,"tau0",1000,20,1,466,1,499,"1e-05","120","20","0.1","5",NA,NA,NA,NA,NA,0.0665,0.0687,0.0708,0.0665,0.0773,0.0794,NA,NA,NA
"test_v2_rho00",0,2,"S2",2000,20,1,500,1,500,"1e-07","300","50","0.1","5",NA,NA,NA,NA,NA,1,1,1,1,1,1,NA,NA,NA
"test_v2_rho00",0,2,"tau0",2000,20,1,500,1,500,"1e-07","300","50","0.1","5",NA,NA,NA,NA,NA,0.06,0.054,0.054,0.054,0.074,0.074,NA,NA,NA
"test_v2_rho00",0,2,"tau3",2000,20,1,500,1,500,"1e-07","300","50","0.1","5",NA,NA,NA,NA,NA,0.848,0.096,0.056,0.054,0.112,0.074,NA,NA,NA
"test_v2_rho00",0,3,"tau0",1000,40,1,290,1,496,"1e-05","120","20","0.1","5",NA,NA,NA,NA,NA,0.1103,0.0655,0.0966,0.0448,0.1103,0.1069,NA,NA,NA
"test_v2_rho00",0,4,"S2",2000,40,1,500,1,500,"1e-07","300","50","0.1","5",NA,NA,NA,NA,NA,1,1,1,1,1,1,NA,NA,NA
"test_v2_rho00",0,4,"tau0",2000,40,1,500,1,500,"1e-07","300","50","0.1","5",NA,NA,NA,NA,NA,0.082,0.08,0.082,0.078,0.076,0.078,NA,NA,NA
"test_v2_rho00",0,4,"tau3",2000,40,1,500,1,500,"1e-07","300","50","0.1","5",NA,NA,NA,NA,NA,0.712,0.094,0.082,0.07,0.108,0.08,NA,NA,NA
"test_v2_rho00",0,5,"tau0",1000,20,3,53,1,271,"0.001","120","20","0.1","5",NA,NA,NA,NA,NA,0.0566,0.0377,0.0566,0.0755,0.0755,0.0755,NA,NA,NA
"test_v2_rho00",0,7,"tau0",1000,40,3,2,1,2,"0.001","120","20","0.1","5",NA,NA,NA,NA,NA,0,0,0,0,0,0,NA,NA,NA
"test_v2_rho03",0.3,2,"S2",2000,20,1,500,1,500,"1e-07","300","50","0.1","5",NA,NA,NA,NA,NA,1,1,1,1,1,1,NA,NA,NA
"test_v2_rho03",0.3,2,"tau0",2000,20,1,500,1,500,"1e-07","300","50","0.1","5",NA,NA,NA,NA,NA,0.04,0.054,0.042,0.068,0.062,0.064,NA,NA,NA
"test_v2_rho03",0.3,2,"tau3",2000,20,1,500,1,500,"1e-07","300","50","0.1","5",NA,NA,NA,NA,NA,0.664,0.092,0.05,0.064,0.098,0.076,NA,NA,NA
"test_v2_rho03",0.3,4,"S2",2000,40,1,500,1,500,"1e-07","300","50","0.1","5",NA,NA,NA,NA,NA,1,1,1,1,1,1,NA,NA,NA
"test_v2_rho03",0.3,4,"tau0",2000,40,1,500,1,500,"1e-07","300","50","0.1","5",NA,NA,NA,NA,NA,0.058,0.066,0.068,0.074,0.07,0.082,NA,NA,NA
"test_v2_rho03",0.3,4,"tau3",2000,40,1,500,1,500,"1e-07","300","50","0.1","5",NA,NA,NA,NA,NA,0.876,0.094,0.07,0.082,0.116,0.096,NA,NA,NA
"probe_c3_l1e-3",0,3,"tau0",1000,40,1,500,1,500,"0.001","120","20","0.05","5",NA,NA,NA,NA,NA,0.096,0.068,0.09,0.06,0.094,0.09,NA,NA,NA
"probe_c3_l1e-7",0,3,"tau0",1000,40,1,500,1,500,"1e-07","120","20","0.05","5",NA,NA,NA,NA,NA,0.08,0.062,0.082,0.056,0.086,0.088,NA,NA,NA
"probe_c3_l1e-7",0,3,"tau3",1000,40,1,500,1,500,"1e-07","120","20","0.05","5",NA,NA,NA,NA,NA,0.162,0.072,0.084,0.058,0.108,0.086,NA,NA,NA
"cv006_rho00",0,1,"tau0",1000,20,1,126,1,471,"0.001","120|300","50","0.05","5","128","30","1",NA,NA,0.254,0.119,0.246,0.127,0.1429,0.127,0.254,NA,NA
"v6b64_rho00",0,3,"tau0",1000,40,1,500,1,500,"1e-05","300","50","0.05","5","64","30",NA,NA,NA,0.076,0.064,0.074,0.058,0.076,0.072,0.082,0.132,NA
"v6b64_rho00",0,3,"tau3",1000,40,1,500,1,500,"1e-05","300","50","0.05","5","64","30",NA,NA,NA,0.318,0.074,0.076,0.056,0.104,0.074,0.082,0.134,NA
"v6b64_rho00",0,4,"tau0",2000,40,1,500,1,500,"1e-05","300","50","0.05","5","64","30",NA,NA,NA,0.064,0.08,0.062,0.074,0.07,0.066,0.068,0.072,NA
"v6b64_rho00",0,4,"tau3",2000,40,1,500,1,500,"1e-05","300","50","0.05","5","64","30",NA,NA,NA,0.712,0.122,0.062,0.072,0.114,0.066,0.074,0.074,NA
"v6b64_rho00",0,5,"tau0",1000,20,3,500,1,500,"0.001","300","50","0.05","5","64","30",NA,NA,NA,0.094,0.068,0.094,0.054,0.086,0.088,0.096,0.128,NA
"v6b64_rho00",0,5,"tau3",1000,20,3,500,1,500,"0.001","300","50","0.05","5","64","30",NA,NA,NA,0.094,0.06,0.094,0.076,0.09,0.09,0.096,0.126,NA
"v6b64_rho00",0,8,"tau0",2000,40,3,500,1,500,"0.001","300","50","0.05","5","64","30",NA,NA,NA,0.1,0.106,0.104,0.108,0.106,0.106,0.106,0.084,NA
"v6b64_rho00",0,8,"tau3",2000,40,3,500,1,500,"0.001","300","50","0.05","5","64","30",NA,NA,NA,0.104,0.096,0.106,0.106,0.104,0.108,0.106,0.082,NA
"v6b64_rho03",0.3,4,"tau0",2000,40,1,500,1,500,"1e-05","300","50","0.05","5","64","30",NA,NA,NA,0.058,0.094,0.06,0.076,0.076,0.088,0.056,0.002,NA
"v6b64_rho03",0.3,4,"tau3",2000,40,1,500,1,500,"1e-05","300","50","0.05","5","64","30",NA,NA,NA,0.904,0.104,0.072,0.058,0.098,0.084,0.072,0.006,NA
"v6b64_rho03",0.3,6,"tau0",2000,20,3,500,1,500,"0.001","300","50","0.05","5","64","30",NA,NA,NA,0.196,0.142,0.2,0.138,0.166,0.168,0.198,0.23,NA
"v6b64_rho03",0.3,6,"tau3",2000,20,3,493,1,500,"0.001","300","50","0.05","5","64","30",NA,NA,NA,0.2008,0.142,0.2049,0.1562,0.1765,0.1866,0.2069,0.2252,NA
"v6b64_rho03",0.3,7,"tau0",1000,40,3,500,1,500,"0.001","300","50","0.05","5","64","30",NA,NA,NA,0.1,0.056,0.092,0.064,0.08,0.08,0.098,0.122,NA
"v6b64_rho03",0.3,7,"tau3",1000,40,3,500,1,500,"0.001","300","50","0.05","5","64","30",NA,NA,NA,0.104,0.068,0.11,0.056,0.09,0.092,0.122,0.13,NA
"v6b64_rho03",0.3,8,"tau0",2000,40,3,500,1,500,"0.001","300","50","0.05","5","64","30",NA,NA,NA,0.166,0.134,0.168,0.13,0.144,0.146,0.168,0.138,NA
"v6b64_rho03",0.3,8,"tau3",2000,40,3,436,1,500,"0.001","300","50","0.05","5","64","30",NA,NA,NA,0.1491,0.117,0.1537,0.1055,0.1261,0.1353,0.156,0.1468,NA
"v6orig_rho00",0,3,"tau0",1000,40,1,500,1,500,"1e-05","120","20","0.05","5","256","30",NA,NA,NA,0.09,0.052,0.08,0.042,0.09,0.086,0.086,0.168,NA
"v6orig_rho00",0,3,"tau3",1000,40,1,500,1,500,"1e-05","120","20","0.05","5","256","30",NA,NA,NA,0.17,0.076,0.08,0.058,0.12,0.082,0.088,0.182,NA
"v6orig_rho00",0,4,"tau0",2000,40,1,500,1,500,"1e-05","120","20","0.05","5","256","30",NA,NA,NA,0.076,0.08,0.072,0.058,0.074,0.068,0.082,0.09,NA
"v6orig_rho00",0,4,"tau3",2000,40,1,499,1,500,"1e-05","120","20","0.05","5","256","30",NA,NA,NA,0.7114,0.0862,0.0701,0.0721,0.1002,0.0661,0.0762,0.1022,NA
"v6orig_rho00",0,5,"tau0",1000,20,3,500,1,500,"0.001","120","20","0.05","5","256","30",NA,NA,NA,0.046,0.048,0.042,0.056,0.052,0.05,0.046,0.026,NA
"v6orig_rho00",0,5,"tau3",1000,20,3,500,1,500,"0.001","120","20","0.05","5","256","30",NA,NA,NA,0.06,0.046,0.04,0.048,0.052,0.054,0.044,0.03,NA
"v6orig_rho00",0,8,"tau0",2000,40,3,500,1,500,"0.001","120","20","0.05","5","256","30",NA,NA,NA,0.076,0.072,0.074,0.072,0.064,0.058,0.076,0.016,NA
"v6orig_rho00",0,8,"tau3",2000,40,3,469,1,500,"0.001","120","20","0.05","5","256","30",NA,NA,NA,0.0832,0.0789,0.0768,0.0704,0.0576,0.0618,0.081,0.0192,NA
"v6orig_rho03",0.3,4,"tau0",2000,40,1,500,1,500,"1e-05","120","20","0.05","5","256","30",NA,NA,NA,0.062,0.066,0.068,0.076,0.092,0.084,0.068,0.01,NA
"v6orig_rho03",0.3,4,"tau3",2000,40,1,448,1,498,"1e-05","120","20","0.05","5","256","30",NA,NA,NA,0.8571,0.0871,0.0647,0.0759,0.1071,0.0871,0.0737,0.0022,NA
"v6orig_rho03",0.3,6,"tau0",2000,20,3,500,1,500,"0.001","120","20","0.05","5","256","30",NA,NA,NA,0.098,0.05,0.092,0.064,0.06,0.06,0.09,0.042,NA
"v6orig_rho03",0.3,6,"tau3",2000,20,3,336,1,497,"0.001","120","20","0.05","5","256","30",NA,NA,NA,0.0774,0.0446,0.0863,0.0387,0.0595,0.0536,0.0893,0.0476,NA
"v6orig_rho03",0.3,7,"tau0",1000,40,3,500,1,500,"0.001","120","20","0.05","5","256","30",NA,NA,NA,0.05,0.06,0.044,0.06,0.056,0.05,0.05,0.01,NA
"v6orig_rho03",0.3,7,"tau3",1000,40,3,469,1,498,"0.001","120","20","0.05","5","256","30",NA,NA,NA,0.0661,0.0533,0.0512,0.0405,0.0682,0.0597,0.0554,0.0149,NA
"v6orig_rho03",0.3,8,"tau0",2000,40,3,500,1,500,"0.001","120","20","0.05","5","256","30",NA,NA,NA,0.09,0.086,0.092,0.068,0.084,0.086,0.092,0.01,NA
"v6orig_rho03",0.3,8,"tau3",2000,40,3,255,1,496,"0.001","120","20","0.05","5","256","30",NA,NA,NA,0.0667,0.0941,0.0863,0.0784,0.0745,0.0706,0.0941,0.0157,NA
"v7scr_rho00",0,3,"tau0",1000,40,1,200,1,200,"1e-05","120","20","0.05","5","256","30",NA,"1","5|5.6|5.8|6.2|6.4|6.6|6.8|7|7.2|7.4|7.6|7.8|8|8.2|8.4|8.6|8.8|9|9.2|9.4|9.6|9.8|10|10.2|10.4|10.6|10.8|11|11.2|11.4|11.6|11.8|12|12.2|12.4|12.6|12.8|13|13.2|13.4|13.6|13.8|14|14.4|14.6|14.8|15|15.2|15.4|15.8|16|16.2|16.4|16.6|16.8|17|17.4|17.6|18|18.2|18.8|19|19.6|19.8|20.2|22.6|23.8",0.075,0.06,0.07,0.07,0.11,0.11,0.075,0.03,NA
"v7scr_rho00",0,3,"tau3",1000,40,1,200,1,200,"1e-05","120","20","0.05","5","256","30",NA,"1","5|5.6|6.2|6.6|7|7.2|7.4|7.6|7.8|8|8.2|8.4|8.6|8.8|9|9.2|9.4|9.6|9.8|10|10.2|10.4|10.6|10.8|11|11.2|11.4|11.6|11.8|12|12.2|12.4|12.6|12.8|13|13.2|13.4|13.6|13.8|14|14.2|14.4|14.6|14.8|15|15.2|15.4|15.6|15.8|16|16.2|16.4|16.6|16.8|17.2|17.4|17.6|18|18.2|18.4|18.6|18.8|19.2|20|20.8|21|21.4|21.8|22|23.4",0.625,0.065,0.08,0.075,0.1,0.1,0.095,0.02,NA
"v7scr_rho00",0,8,"tau0",2000,40,3,100,1,100,"0.001","120","20","0.05","5","256","30",NA,"1","5.2|5.4|6|6.2|6.4|6.6|6.8|7|7.4|7.6|7.8|8|8.4|8.8|9|9.2|9.4|9.6|9.8|10|10.2|10.6|10.8|11|11.2|11.4|11.6|11.8|12|12.2|12.4|12.6|12.8|13|13.4|13.8|14|14.2|14.8|15|15.2|15.6|16|16.2|16.6|17.2|17.6|18.8|19.6|23.2",0.09,0.06,0.09,0.07,0.06,0.06,0.09,0.01,NA
"v8crt_rho00",0,3,"S2",1000,40,1,100,1,100,"1e-05","120","20","0.05","5","256","30",NA,"0","40",1,0.99,1,0.98,1,1,1,0.33,1
"v8crt_rho00",0,3,"tau0",1000,40,1,200,1,200,"1e-05","120","20","0.05","5","256","30",NA,"0","40",0.1,0.075,0.1,0.05,0.1,0.105,0.105,0.15,0.08
"v8crt_rho00",0,3,"tau3",1000,40,1,200,1,200,"1e-05","120","20","0.05","5","256","30",NA,"0","40",0.2,0.1,0.105,0.07,0.145,0.1,0.105,0.155,0.09
"v8crt_rho00",0,4,"tau0",2000,40,1,100,1,100,"1e-05","120","20","0.05","5","256","30",NA,"0","40",0.11,0.07,0.09,0.06,0.1,0.08,0.1,0.08,0.06
"v8crt_rho00",0,5,"tau0",1000,20,3,100,1,100,"0.001","120","20","0.05","5","256","30",NA,"0","20",0.05,0.03,0.04,0.05,0.08,0.08,0.04,0.02,0.02
