"rho","n","p","sigma","tau","estimator","test","value","run","reps","hp"
0,1000,20,1,"tau0","unrevised","Anal.",0.058,"orig 501-1000",500,"l1=1e-05 ep=120 pat=20 clip=0.05 batch=256"
0,1000,20,1,"tau0","unrevised","Perm.",0.048,"orig 501-1000",500,"l1=1e-05 ep=120 pat=20 clip=0.05 batch=256"
0.3,1000,20,1,"tau0","unrevised","Anal.",0.049,"orig 1-1000",1000,"l1=1e-05 ep=120 pat=20 clip=0.05 batch=256"
0.3,1000,20,1,"tau0","unrevised","Perm.",0.05,"orig 501-1000",500,"l1=1e-05 ep=120 pat=20 clip=0.05 batch=256"
0,1000,20,3,"tau0","unrevised","Anal.",0.046,"orig 1-500",500,"l1=0.001 ep=120 pat=20 clip=0.05 batch=256"
0,1000,20,3,"tau0","unrevised","Perm.",0.048,"orig rerun (O)",500,"l1=0.001 ep=120 pat=20 clip=0.05 batch=256"
0.3,1000,20,3,"tau0","unrevised","Anal.",0.051,"orig 1-1000",1000,"l1=0.001 ep=120 pat=20 clip=0.05 batch=256"
0.3,1000,20,3,"tau0","unrevised","Perm.",0.046,"orig 501-1000",500,"l1=0.001 ep=120 pat=20 clip=0.05 batch=256"
0,1000,40,1,"tau0","unrevised","Anal.",0.075,"orig + lasso pre-screen",200,"l1=1e-05 ep=120 pat=20 clip=0.05 batch=256"
0,1000,40,1,"tau0","unrevised","Perm.",0.052,"orig 1-500",500,"l1=1e-05 ep=120 pat=20 clip=0.05 batch=256"
0.3,1000,40,1,"tau0","unrevised","Anal.",0.054,"orig 1-500",500,"l1=1e-05 ep=120 pat=20 clip=0.05 batch=256"
0.3,1000,40,1,"tau0","unrevised","Perm.",0.056,"orig 1-1000",1000,"l1=1e-05 ep=120 pat=20 clip=0.05 batch=256"
0,1000,40,3,"tau0","unrevised","Anal.",0.046,"orig 1-1000",1000,"l1=0.001 ep=120 pat=20 clip=0.05 batch=256"
0,1000,40,3,"tau0","unrevised","Perm.",0.05,"orig 501-1000",500,"l1=0.001 ep=120 pat=20 clip=0.05 batch=256"
0.3,1000,40,3,"tau0","unrevised","Anal.",0.05,"orig 1-1000",1000,"l1=0.001 ep=120 pat=20 clip=0.05 batch=256"
0.3,1000,40,3,"tau0","unrevised","Perm.",0.056,"B64",500,"l1=0.001 ep=300 pat=50 clip=0.05 batch=64"
0,2000,20,1,"tau0","unrevised","Anal.",0.05,"orig 1-500",500,"l1=1e-05 ep=120 pat=20 clip=0.05 batch=256"
0,2000,20,1,"tau0","unrevised","Perm.",0.054,"v2 tuned",500,"l1=1e-07 ep=300 pat=50 clip=0.1 batch=256"
0.3,2000,20,1,"tau0","unrevised","Anal.",0.046,"orig 501-1000",500,"l1=1e-05 ep=120 pat=20 clip=0.05 batch=256"
0.3,2000,20,1,"tau0","unrevised","Perm.",0.054,"v2 tuned",500,"l1=1e-07 ep=300 pat=50 clip=0.1 batch=256"
0,2000,20,3,"tau0","unrevised","Anal.",0.06,"orig 1-500",500,"l1=0.001 ep=120 pat=20 clip=0.05 batch=256"
0,2000,20,3,"tau0","unrevised","Perm.",0.049,"orig 1-1000",1000,"l1=0.001 ep=120 pat=20 clip=0.05 batch=256"
0.3,2000,20,3,"tau0","unrevised","Anal.",0.066,"orig 1-500",500,"l1=0.001 ep=120 pat=20 clip=0.05 batch=256"
0.3,2000,20,3,"tau0","unrevised","Perm.",0.05,"orig rerun (O)",500,"l1=0.001 ep=120 pat=20 clip=0.05 batch=256"
0,2000,40,1,"tau0","unrevised","Anal.",0.064,"B64",500,"l1=1e-05 ep=300 pat=50 clip=0.05 batch=64"
0,2000,40,1,"tau0","unrevised","Perm.",0.064,"orig 501-1000",500,"l1=1e-05 ep=120 pat=20 clip=0.05 batch=256"
0.3,2000,40,1,"tau0","unrevised","Anal.",0.052,"orig 501-1000",500,"l1=1e-05 ep=120 pat=20 clip=0.05 batch=256"
0.3,2000,40,1,"tau0","unrevised","Perm.",0.058,"orig 501-1000",500,"l1=1e-05 ep=120 pat=20 clip=0.05 batch=256"
0,2000,40,3,"tau0","unrevised","Anal.",0.06,"orig 501-1000",500,"l1=0.001 ep=120 pat=20 clip=0.05 batch=256"
0,2000,40,3,"tau0","unrevised","Perm.",0.068,"orig 1-500",500,"l1=0.001 ep=120 pat=20 clip=0.05 batch=256"
0.3,2000,40,3,"tau0","unrevised","Anal.",0.066,"orig 1-500",500,"l1=0.001 ep=120 pat=20 clip=0.05 batch=256"
0.3,2000,40,3,"tau0","unrevised","Perm.",0.07,"orig 501-1000",500,"l1=0.001 ep=120 pat=20 clip=0.05 batch=256"
0,1000,20,1,"tau0","revised","Anal.",0.05,"orig 501-1000",500,"l1=1e-05 ep=120 pat=20 clip=0.05 batch=256"
0,1000,20,1,"tau0","revised","Perm.",0.054,"orig 501-1000",500,"l1=1e-05 ep=120 pat=20 clip=0.05 batch=256"
0.3,1000,20,1,"tau0","revised","Anal.",0.056,"orig 501-1000",500,"l1=1e-05 ep=120 pat=20 clip=0.05 batch=256"
0.3,1000,20,1,"tau0","revised","Perm.",0.064,"orig 1-1000",1000,"l1=1e-05 ep=120 pat=20 clip=0.05 batch=256"
0,1000,20,3,"tau0","revised","Anal.",0.051,"orig 1-1000",1000,"l1=0.001 ep=120 pat=20 clip=0.05 batch=256"
0,1000,20,3,"tau0","revised","Perm.",0.054,"B64",500,"l1=0.001 ep=300 pat=50 clip=0.05 batch=64"
0.3,1000,20,3,"tau0","revised","Anal.",0.052,"orig 1-1000",1000,"l1=0.001 ep=120 pat=20 clip=0.05 batch=256"
0.3,1000,20,3,"tau0","revised","Perm.",0.048,"orig 501-1000",500,"l1=0.001 ep=120 pat=20 clip=0.05 batch=256"
0,1000,40,1,"tau0","revised","Anal.",0.07,"orig + lasso pre-screen",200,"l1=1e-05 ep=120 pat=20 clip=0.05 batch=256"
0,1000,40,1,"tau0","revised","Perm.",0.05,"orig rerun (CRT pilot)",200,"l1=1e-05 ep=120 pat=20 clip=0.05 batch=256"
0.3,1000,40,1,"tau0","revised","Anal.",0.05,"orig 501-1000",500,"l1=1e-05 ep=120 pat=20 clip=0.05 batch=256"
0.3,1000,40,1,"tau0","revised","Perm.",0.056,"orig 1-500",500,"l1=1e-05 ep=120 pat=20 clip=0.05 batch=256"
0,1000,40,3,"tau0","revised","Anal.",0.054,"orig 501-1000",500,"l1=0.001 ep=120 pat=20 clip=0.05 batch=256"
0,1000,40,3,"tau0","revised","Perm.",0.054,"orig 501-1000",500,"l1=0.001 ep=120 pat=20 clip=0.05 batch=256"
0.3,1000,40,3,"tau0","revised","Anal.",0.047,"orig 1-1000",1000,"l1=0.001 ep=120 pat=20 clip=0.05 batch=256"
0.3,1000,40,3,"tau0","revised","Perm.",0.056,"orig 501-1000",500,"l1=0.001 ep=120 pat=20 clip=0.05 batch=256"
0,2000,20,1,"tau0","revised","Anal.",0.052,"orig 1-1000",1000,"l1=1e-05 ep=120 pat=20 clip=0.05 batch=256"
0,2000,20,1,"tau0","revised","Perm.",0.048,"orig 1-500",500,"l1=1e-05 ep=120 pat=20 clip=0.05 batch=256"
0.3,2000,20,1,"tau0","revised","Anal.",0.042,"v2 tuned",500,"l1=1e-07 ep=300 pat=50 clip=0.1 batch=256"
0.3,2000,20,1,"tau0","revised","Perm.",0.062,"orig 1-500",500,"l1=1e-05 ep=120 pat=20 clip=0.05 batch=256"
0,2000,20,3,"tau0","revised","Anal.",0.06,"orig 1-500",500,"l1=0.001 ep=120 pat=20 clip=0.05 batch=256"
0,2000,20,3,"tau0","revised","Perm.",0.048,"orig 1-500",500,"l1=0.001 ep=120 pat=20 clip=0.05 batch=256"
0.3,2000,20,3,"tau0","revised","Anal.",0.066,"orig 1-500",500,"l1=0.001 ep=120 pat=20 clip=0.05 batch=256"
0.3,2000,20,3,"tau0","revised","Perm.",0.06,"orig 501-1000",500,"l1=0.001 ep=120 pat=20 clip=0.05 batch=256"
0,2000,40,1,"tau0","revised","Anal.",0.062,"B64",500,"l1=1e-05 ep=300 pat=50 clip=0.05 batch=64"
0,2000,40,1,"tau0","revised","Perm.",0.058,"orig 1-500",500,"l1=1e-05 ep=120 pat=20 clip=0.05 batch=256"
0.3,2000,40,1,"tau0","revised","Anal.",0.056,"orig 501-1000",500,"l1=1e-05 ep=120 pat=20 clip=0.05 batch=256"
0.3,2000,40,1,"tau0","revised","Perm.",0.06,"orig 501-1000",500,"l1=1e-05 ep=120 pat=20 clip=0.05 batch=256"
0,2000,40,3,"tau0","revised","Anal.",0.056,"orig 501-1000",500,"l1=0.001 ep=120 pat=20 clip=0.05 batch=256"
0,2000,40,3,"tau0","revised","Perm.",0.072,"orig 501-1000",500,"l1=0.001 ep=120 pat=20 clip=0.05 batch=256"
0.3,2000,40,3,"tau0","revised","Anal.",0.068,"orig 1-500",500,"l1=0.001 ep=120 pat=20 clip=0.05 batch=256"
0.3,2000,40,3,"tau0","revised","Perm.",0.054,"orig 1-500",500,"l1=0.001 ep=120 pat=20 clip=0.05 batch=256"
0,1000,20,1,"tau3","unrevised","Anal.",0.342,"orig, l1 1e-3",500,"l1=0.001 ep=120 pat=20 clip=0.05 batch=256"
0,1000,20,1,"tau3","unrevised","Perm.",0.1,"orig, l1 1e-3",500,"l1=0.001 ep=120 pat=20 clip=0.05 batch=256"
0.3,1000,20,1,"tau3","unrevised","Anal.",0.212,"orig, l1 1e-3",500,"l1=0.001 ep=120 pat=20 clip=0.05 batch=256"
0.3,1000,20,1,"tau3","unrevised","Perm.",0.082,"orig, l1 1e-3",500,"l1=0.001 ep=120 pat=20 clip=0.05 batch=256"
0,1000,20,3,"tau3","unrevised","Anal.",0.06,"orig 1-500",500,"l1=0.001 ep=120 pat=20 clip=0.05 batch=256"
0,1000,20,3,"tau3","unrevised","Perm.",0.048,"orig 1-500",500,"l1=0.001 ep=120 pat=20 clip=0.05 batch=256"
0.3,1000,20,3,"tau3","unrevised","Anal.",0.051,"orig 1-1000",1000,"l1=0.001 ep=120 pat=20 clip=0.05 batch=256"
0.3,1000,20,3,"tau3","unrevised","Perm.",0.062,"orig 1-500",500,"l1=0.001 ep=120 pat=20 clip=0.05 batch=256"
0,1000,40,1,"tau3","unrevised","Anal.",0.162,"orig, l1 1e-7",500,"l1=1e-07 ep=120 pat=20 clip=0.05 batch=256"
0,1000,40,1,"tau3","unrevised","Perm.",0.065,"orig + lasso pre-screen",200,"l1=1e-05 ep=120 pat=20 clip=0.05 batch=256"
0.3,1000,40,1,"tau3","unrevised","Anal.",0.278,"orig 1-500",500,"l1=1e-05 ep=120 pat=20 clip=0.05 batch=256"
0.3,1000,40,1,"tau3","unrevised","Perm.",0.06,"orig 501-1000",500,"l1=1e-05 ep=120 pat=20 clip=0.05 batch=256"
0,1000,40,3,"tau3","unrevised","Anal.",0.062,"orig 1-500",500,"l1=0.001 ep=120 pat=20 clip=0.05 batch=256"
0,1000,40,3,"tau3","unrevised","Perm.",0.052,"orig 501-1000",500,"l1=0.001 ep=120 pat=20 clip=0.05 batch=256"
0.3,1000,40,3,"tau3","unrevised","Anal.",0.062,"orig 1-500",500,"l1=0.001 ep=120 pat=20 clip=0.05 batch=256"
0.3,1000,40,3,"tau3","unrevised","Perm.",0.0533,"orig rerun (O)",469,"l1=0.001 ep=120 pat=20 clip=0.05 batch=256"
0,2000,20,1,"tau3","unrevised","Anal.",0.482,"orig, l1 1e-3",500,"l1=0.001 ep=120 pat=20 clip=0.05 batch=256"
0,2000,20,1,"tau3","unrevised","Perm.",0.096,"v2 tuned",500,"l1=1e-07 ep=300 pat=50 clip=0.1 batch=256"
0.3,2000,20,1,"tau3","unrevised","Anal.",0.388,"orig, l1 1e-3",500,"l1=0.001 ep=120 pat=20 clip=0.05 batch=256"
0.3,2000,20,1,"tau3","unrevised","Perm.",0.09,"orig 501-1000",500,"l1=1e-05 ep=120 pat=20 clip=0.05 batch=256"
0,2000,20,3,"tau3","unrevised","Anal.",0.062,"orig 501-1000",500,"l1=0.001 ep=120 pat=20 clip=0.05 batch=256"
0,2000,20,3,"tau3","unrevised","Perm.",0.05,"orig 1-500",500,"l1=0.001 ep=120 pat=20 clip=0.05 batch=256"
0.3,2000,20,3,"tau3","unrevised","Anal.",0.064,"orig 1-500",500,"l1=0.001 ep=120 pat=20 clip=0.05 batch=256"
0.3,2000,20,3,"tau3","unrevised","Perm.",0.054,"orig 1-500",500,"l1=0.001 ep=120 pat=20 clip=0.05 batch=256"
0,2000,40,1,"tau3","unrevised","Anal.",0.558,"orig, l1 1e-3",500,"l1=0.001 ep=120 pat=20 clip=0.05 batch=256"
0,2000,40,1,"tau3","unrevised","Perm.",0.086,"orig 1-500",500,"l1=1e-05 ep=120 pat=20 clip=0.05 batch=256"
0.3,2000,40,1,"tau3","unrevised","Anal.",0.406,"orig, l1 1e-3",500,"l1=0.001 ep=120 pat=20 clip=0.05 batch=256"
0.3,2000,40,1,"tau3","unrevised","Perm.",0.086,"orig 1-500",500,"l1=1e-05 ep=120 pat=20 clip=0.05 batch=256"
0,2000,40,3,"tau3","unrevised","Anal.",0.066,"orig 501-1000",500,"l1=0.001 ep=120 pat=20 clip=0.05 batch=256"
0,2000,40,3,"tau3","unrevised","Perm.",0.078,"orig 1-1000",1000,"l1=0.001 ep=120 pat=20 clip=0.05 batch=256"
0.3,2000,40,3,"tau3","unrevised","Anal.",0.05,"orig 501-1000",500,"l1=0.001 ep=120 pat=20 clip=0.05 batch=256"
0.3,2000,40,3,"tau3","unrevised","Perm.",0.05,"orig 501-1000",500,"l1=0.001 ep=120 pat=20 clip=0.05 batch=256"
0,1000,20,1,"tau3","revised","Anal.",0.048,"orig 501-1000",500,"l1=1e-05 ep=120 pat=20 clip=0.05 batch=256"
0,1000,20,1,"tau3","revised","Perm.",0.05,"orig 501-1000",500,"l1=1e-05 ep=120 pat=20 clip=0.05 batch=256"
0.3,1000,20,1,"tau3","revised","Anal.",0.051,"orig 1-1000",1000,"l1=1e-05 ep=120 pat=20 clip=0.05 batch=256"
0.3,1000,20,1,"tau3","revised","Perm.",0.052,"orig 1-1000",1000,"l1=1e-05 ep=120 pat=20 clip=0.05 batch=256"
0,1000,20,3,"tau3","revised","Anal.",0.05,"orig 1-1000",1000,"l1=0.001 ep=120 pat=20 clip=0.05 batch=256"
0,1000,20,3,"tau3","revised","Perm.",0.048,"orig rerun (O)",500,"l1=0.001 ep=120 pat=20 clip=0.05 batch=256"
0.3,1000,20,3,"tau3","revised","Anal.",0.049,"orig 1-1000",1000,"l1=0.001 ep=120 pat=20 clip=0.05 batch=256"
0.3,1000,20,3,"tau3","revised","Perm.",0.06,"orig 501-1000",500,"l1=0.001 ep=120 pat=20 clip=0.05 batch=256"
0,1000,40,1,"tau3","revised","Anal.",0.076,"B64",500,"l1=1e-05 ep=300 pat=50 clip=0.05 batch=64"
0,1000,40,1,"tau3","revised","Perm.",0.056,"B64",500,"l1=1e-05 ep=300 pat=50 clip=0.05 batch=64"
0.3,1000,40,1,"tau3","revised","Anal.",0.06,"orig 1-500",500,"l1=1e-05 ep=120 pat=20 clip=0.05 batch=256"
0.3,1000,40,1,"tau3","revised","Perm.",0.05,"orig 501-1000",500,"l1=1e-05 ep=120 pat=20 clip=0.05 batch=256"
0,1000,40,3,"tau3","revised","Anal.",0.046,"orig 1-1000",1000,"l1=0.001 ep=120 pat=20 clip=0.05 batch=256"
0,1000,40,3,"tau3","revised","Perm.",0.046,"orig 1-500",500,"l1=0.001 ep=120 pat=20 clip=0.05 batch=256"
0.3,1000,40,3,"tau3","revised","Anal.",0.0512,"orig rerun (O)",469,"l1=0.001 ep=120 pat=20 clip=0.05 batch=256"
0.3,1000,40,3,"tau3","revised","Perm.",0.052,"orig 1-500",500,"l1=0.001 ep=120 pat=20 clip=0.05 batch=256"
0,2000,20,1,"tau3","revised","Anal.",0.05,"orig 1-1000",1000,"l1=1e-05 ep=120 pat=20 clip=0.05 batch=256"
0,2000,20,1,"tau3","revised","Perm.",0.054,"orig 1-1000",1000,"l1=1e-05 ep=120 pat=20 clip=0.05 batch=256"
0.3,2000,20,1,"tau3","revised","Anal.",0.05,"v2 tuned",500,"l1=1e-07 ep=300 pat=50 clip=0.1 batch=256"
0.3,2000,20,1,"tau3","revised","Perm.",0.049,"orig 1-1000",1000,"l1=1e-05 ep=120 pat=20 clip=0.05 batch=256"
0,2000,20,3,"tau3","revised","Anal.",0.06,"orig 501-1000",500,"l1=0.001 ep=120 pat=20 clip=0.05 batch=256"
0,2000,20,3,"tau3","revised","Perm.",0.056,"orig 501-1000",500,"l1=0.001 ep=120 pat=20 clip=0.05 batch=256"
0.3,2000,20,3,"tau3","revised","Anal.",0.078,"orig 1-500",500,"l1=0.001 ep=120 pat=20 clip=0.05 batch=256"
0.3,2000,20,3,"tau3","revised","Perm.",0.05,"orig 1-500",500,"l1=0.001 ep=120 pat=20 clip=0.05 batch=256"
0,2000,40,1,"tau3","revised","Anal.",0.062,"B64",500,"l1=1e-05 ep=300 pat=50 clip=0.05 batch=64"
0,2000,40,1,"tau3","revised","Perm.",0.07,"v2 tuned",500,"l1=1e-07 ep=300 pat=50 clip=0.1 batch=256"
0.3,2000,40,1,"tau3","revised","Anal.",0.044,"orig 501-1000",500,"l1=1e-05 ep=120 pat=20 clip=0.05 batch=256"
0.3,2000,40,1,"tau3","revised","Perm.",0.058,"B64",500,"l1=1e-05 ep=300 pat=50 clip=0.05 batch=64"
0,2000,40,3,"tau3","revised","Anal.",0.058,"orig 501-1000",500,"l1=0.001 ep=120 pat=20 clip=0.05 batch=256"
0,2000,40,3,"tau3","revised","Perm.",0.0704,"orig rerun (O)",469,"l1=0.001 ep=120 pat=20 clip=0.05 batch=256"
0.3,2000,40,3,"tau3","revised","Anal.",0.052,"orig 501-1000",500,"l1=0.001 ep=120 pat=20 clip=0.05 batch=256"
0.3,2000,40,3,"tau3","revised","Perm.",0.048,"orig 501-1000",500,"l1=0.001 ep=120 pat=20 clip=0.05 batch=256"
